customer_id,first_name,last_name,email,gender,income_level
688,Erskine,Toffolo,erskine.toffolo@bloglovin.com,Male,25044
54,Skipton,Valti,skipton.valti@php.com,Male,25066
599,Dulcy,Finch,dulcy.finch@dailymotion.com,Female,25423
121,Shea,McBay,shea.mcbay@topsy.com,Female,26047
809,Leon,Aubri,leon.aubri@rakuten.com,Male,26146
952,Cyrus,Haily,cyrus.haily@fda.com,Male,26304
613,Nariko,Guswell,nariko.guswell@geocities.com,Female,26617
175,Ferd,Grzegorecki,ferd.grzegorecki@merriam-webster.com,Male,27439
940,Renie,Melesk,renie.melesk@newyorker.com,Female,27599
294,Harley,Steptow,harley.steptow@kickstarter.com,Male,28444
781,Carlene,Costall,carlene.costall@cargocollective.com,Female,28803
596,Ernie,Blurton,ernie.blurton@squarespace.com,Male,29384
607,Byron,Wofenden,byron.wofenden@webnode.com,Male,29461
74,Emmi,Boriston,emmi.boriston@cpanel.com,Female,29642
196,Drucill,Shirland,drucill.shirland@nytimes.com,Polygender,29697
182,Dougy,Esby,dougy.esby@wp.com,Male,29717
816,Nevins,Ludlamme,nevins.ludlamme@wordpress.com,Male,30712
509,Yasmin,Setchell,yasmin.setchell@taobao.com,Female,30821
895,Jewelle,Charnick,jewelle.charnick@buzzfeed.com,Bigender,31095
852,Edmon,Drinan,edmon.drinan@time.com,Male,31594
649,Willette,Semrad,willette.semrad@google.com,Female,31760
71,Arlinda,Easom,arlinda.easom@yolasite.com,Female,31957
43,Otes,Dobney,otes.dobney@mysql.com,Male,32734
164,Gillian,Emblow,gillian.emblow@nasa.com,Female,33373
332,Abbot,Caulliere,abbot.caulliere@histats.com,Male,34418
528,Aharon,Gori,aharon.gori@yandex.com,Agender,34593
732,Lynnette,Kobera,lynnette.kobera@springer.com,Female,34729
970,Tyson,McCaughan,tyson.mccaughan@reddit.com,Male,34826
902,Salomo,Wakeham,salomo.wakeham@instagram.com,Male,35086
943,Matthieu,Kyte,matthieu.kyte@macromedia.com,Genderqueer,35191
679,Torey,Antusch,torey.antusch@cdc.com,Male,35574
981,Shandeigh,Crommett,shandeigh.crommett@blogtalkradio.com,Female,36002
437,Letta,Thorlby,letta.thorlby@ebay.com,Female,36190
756,Vincents,Gault,vincents.gault@sakura.com,Polygender,36950
217,Carmelia,Klesse,carmelia.klesse@prnewswire.com,Genderqueer,37042
382,Chantal,Huggett,chantal.huggett@squarespace.com,Female,37222
918,Hasty,Iacovelli,hasty.iacovelli@wordpress.com,Male,37415
882,Matthiew,Cundict,matthiew.cundict@sfgate.com,Agender,38618
745,Banky,Gouck,banky.gouck@aol.com,Male,38669
311,Brannon,Criag,brannon.criag@apache.com,Male,39426
764,Franz,Naisbet,franz.naisbet@acquirethisname.com,Agender,39796
438,Waldo,Touson,waldo.touson@themeforest.com,Male,39940
813,Inglebert,Mintoft,inglebert.mintoft@vk.com,Male,40317
340,Pearline,Youster,pearline.youster@pcworld.com,Female,40859
580,Tibold,Ewell,tibold.ewell@dropbox.com,Male,40874
906,Jedd,Ternent,jedd.ternent@w3.com,Male,41212
978,Niall,Camlin,niall.camlin@deviantart.com,Male,41365
928,Ferrell,Lukas,ferrell.lukas@state.tx.com,Male,41438
460,Gustavo,Sclanders,gustavo.sclanders@csmonitor.com,Male,42301
762,Casey,Clemens,casey.clemens@vkontakte.com,Male,42551
817,Temp,Davison,temp.davison@rediff.com,Male,42813
275,Etti,Hue,etti.hue@nasa.com,Female,43060
631,Lucia,O'Caherny,lucia.o'caherny@amazon.com,Female,43075
307,Hewie,Frankom,hewie.frankom@shutterfly.com,Polygender,43114
857,Cassandre,Rees,cassandre.rees@t-online.com,Agender,43860
317,Sascha,Pre,sascha.pre@hud.com,Non-binary,43968
629,Merle,Clyde,merle.clyde@japanpost.com,Male,44078
118,Rand,Mulcaster,rand.mulcaster@soup.com,Male,45037
348,Alphard,Denizet,alphard.denizet@vkontakte.com,Male,45997
976,Charmain,Kieran,charmain.kieran@sogou.com,Female,46465
367,Anthe,Deschelle,anthe.deschelle@ox.com,Female,46731
609,Ossie,Challiner,ossie.challiner@ifeng.com,Male,46742
403,Blinni,Cordelle,blinni.cordelle@ask.com,Female,46917
343,Modesty,Smillie,modesty.smillie@ox.com,Female,47223
769,Noak,Glasper,noak.glasper@php.com,Male,47270
523,Sollie,Abbis,sollie.abbis@ucla.com,Polygender,47347
210,Janet,Cockson,janet.cockson@etsy.com,Female,47834
834,Charmain,Caws,charmain.caws@wikispaces.com,Genderqueer,47870
484,Kari,Wyatt,kari.wyatt@sina.com,Female,48054
908,Tawnya,Gheraldi,tawnya.gheraldi@cafepress.com,Female,48184
229,Babita,Littrik,babita.littrik@dropbox.com,Female,48669
279,Helenka,Wisbey,helenka.wisbey@weather.com,Female,48892
579,Charin,Siemianowicz,charin.siemianowicz@scribd.com,Female,49474
391,Felipa,Cardnell,felipa.cardnell@youtube.com,Female,49614
237,Wrennie,Gobbett,wrennie.gobbett@livejournal.com,Female,50787
754,Marco,Instock,marco.instock@un.com,Male,51015
463,Rourke,Mulder,rourke.mulder@woothemes.com,Male,51317
187,Charin,Mattiuzzi,charin.mattiuzzi@forbes.com,Female,51502
701,Lowrance,Sinclar,lowrance.sinclar@fastcompany.com,Male,51650
398,Kaine,Nealy,kaine.nealy@vk.com,Male,52263
87,Lisette,Buyers,lisette.buyers@printfriendly.com,Agender,52789
578,Nevin,Othen,nevin.othen@usnews.com,Male,53227
591,Malvin,Woffenden,malvin.woffenden@opera.com,Bigender,53347
515,Alyson,Tibbits,alyson.tibbits@homestead.com,Female,54039
171,Melodee,Simononsky,melodee.simononsky@auda.com,Female,54583
280,Ransom,Callway,ransom.callway@hubpages.com,Male,55130
138,Bernete,Scullard,bernete.scullard@forbes.com,Female,55336
602,Killie,Dowbakin,killie.dowbakin@wp.com,Male,55465
191,Jermain,Lambrechts,jermain.lambrechts@clickbank.com,Male,55941
887,Riki,Masson,riki.masson@mapy.com,Female,56079
309,Mart,Stamp,mart.stamp@craigslist.com,Polygender,56191
189,Raymund,Roz,raymund.roz@msu.com,Male,56300
408,Francine,Binfield,francine.binfield@newyorker.com,Female,56313
939,Virgil,Carwithen,virgil.carwithen@army.mil,Male,56372
765,Lydie,Warden,lydie.warden@plala.or.com,Female,56559
848,Ianthe,Faircliffe,ianthe.faircliffe@ocn.com,Agender,56602
690,Breena,McKeevers,breena.mckeevers@nyu.com,Female,57156
668,Wallie,Jecock,wallie.jecock@geocities.com,Male,57339
374,Lara,Brandenberg,lara.brandenberg@biglobe.com,Female,57393
858,Rebekah,Massingberd,rebekah.massingberd@liveinternet.com,Genderqueer,58331
821,Auria,Starbucke,auria.starbucke@myspace.com,Female,59726
692,Debee,Wilshaw,debee.wilshaw@unesco.com,Female,59976
205,Swen,Kaveney,swen.kaveney@google.com,Male,60228
406,Brody,Nevett,brody.nevett@dedecms.com,Male,60230
429,Abie,Cundey,abie.cundey@desdev.com,Male,60372
661,Katharine,Lansly,katharine.lansly@nbcnews.com,Female,60589
116,Hodge,Bridal,hodge.bridal@earthlink.com,Male,61011
159,Brandyn,Antrag,brandyn.antrag@php.com,Male,61126
245,Ezri,McClintock,ezri.mcclintock@gnu.com,Male,61172
759,Gina,Dyde,gina.dyde@privacy.com,Female,61655
502,Winfield,Center,winfield.center@exblog.com,Male,61680
567,Benedicto,Crewe,benedicto.crewe@behance.com,Male,62237
758,Rhonda,Telega,rhonda.telega@friendfeed.com,Female,63096
659,Levi,Foxton,levi.foxton@washington.com,Male,63143
632,Morry,Lockitt,morry.lockitt@pen.com,Male,64774
212,Zenia,Hiddy,zenia.hiddy@ameblo.com,Genderqueer,64905
733,Neddy,Coenraets,neddy.coenraets@arizona.com,Male,64996
698,Kelbee,Gatiss,kelbee.gatiss@berkeley.com,Male,65003
865,Lukas,Seally,lukas.seally@soundcloud.com,Male,65157
767,Hermy,Correa,hermy.correa@xinhuanet.com,Male,65253
717,Fleming,Petrashkov,fleming.petrashkov@cornell.com,Male,65733
62,Lorry,McClenaghan,lorry.mcclenaghan@cnet.com,Female,65996
450,Adoree,Every,adoree.every@webeden.com,Female,66033
359,Monro,Dunphie,monro.dunphie@geocities.com,Male,66445
884,Stephan,Mariner,stephan.mariner@so-net.com,Male,66827
718,Gaelan,Paget,gaelan.paget@godaddy.com,Male,67502
909,Gertruda,Eyden,gertruda.eyden@usatoday.com,Female,68409
832,Renee,Corck,renee.corck@furl.com,Female,68440
844,Nestor,Fricker,nestor.fricker@gravatar.com,Male,68495
322,Maxwell,Stodit,maxwell.stodit@sakura.com,Male,68554
78,Vonnie,Blundan,vonnie.blundan@so-net.com,Female,68930
263,Riannon,Breeder,riannon.breeder@cmu.com,Female,69212
185,Zena,McQuarrie,zena.mcquarrie@t-online.com,Bigender,69285
364,Jessi,Cornew,jessi.cornew@myspace.com,Female,69468
628,Zelig,Fatscher,zelig.fatscher@miibeian.com,Male,69571
752,Irma,Gantz,irma.gantz@mozilla.com,Female,69689
988,Christopher,Roloff,christopher.roloff@bandcamp.com,Male,70596
686,Melania,Kinkade,melania.kinkade@weibo.com,Female,70802
284,Doralin,Kharchinski,doralin.kharchinski@accuweather.com,Female,70832
669,Sinclare,Castana,sinclare.castana@umich.com,Male,70854
377,Louisette,Crippin,louisette.crippin@dropbox.com,Female,70976
91,Christophe,Grisbrook,christophe.grisbrook@ning.com,Male,71097
160,Billy,Malcolm,billy.malcolm@salon.com,Female,71122
336,Bo,Dingivan,bo.dingivan@tuttocitta.com,Male,71878
433,Gerda,Bryce,gerda.bryce@princeton.com,Female,72775
394,Brooke,Gollard,brooke.gollard@jigsy.com,Genderfluid,74562
727,Deina,Nattrass,deina.nattrass@nih.com,Female,74701
955,Barthel,Brise,barthel.brise@a8.com,Male,75277
993,Reagen,Aslam,reagen.aslam@vkontakte.com,Male,75626
298,Dawn,Lowder,dawn.lowder@imdb.com,Female,76412
446,Mignonne,Snoxall,mignonne.snoxall@meetup.com,Female,76545
871,Di,Haith,di.haith@naver.com,Female,76594
373,Katherine,Osgardby,katherine.osgardby@topsy.com,Female,76725
697,Packston,Corinton,packston.corinton@exblog.com,Male,76928
961,Hugues,Aysik,hugues.aysik@soup.com,Male,76994
498,Jere,Petruskevich,jere.petruskevich@phpbb.com,Male,77449
779,Sabina,Biggadike,sabina.biggadike@livejournal.com,Female,78703
140,Win,Clubbe,win.clubbe@theatlantic.com,Male,79265
741,Tansy,Damiral,tansy.damiral@ask.com,Female,79562
301,Batholomew,Rashleigh,batholomew.rashleigh@dion.com,Male,79782
771,Pepito,Klejin,pepito.klejin@microsoft.com,Male,80131
290,Aprilette,Greenham,aprilette.greenham@msu.com,Female,80333
511,Elisabetta,Arbon,elisabetta.arbon@toplist.com,Female,80684
11,Wait,Yare,wait.yare@nasa.com,Male,80716
73,Demetris,Honacker,demetris.honacker@desdev.com,Male,80947
885,Beniamino,O'Collopy,beniamino.o'collopy@dell.com,Male,81610
265,Daria,Causier,daria.causier@mediafire.com,Female,82440
291,Tomaso,Agnolo,tomaso.agnolo@mysql.com,Male,82850
295,Gasper,Laboune,gasper.laboune@bravesites.com,Male,83217
349,Bartel,Care,bartel.care@howstuffworks.com,Male,83378
106,Shoshanna,Scneider,shoshanna.scneider@prlog.com,Female,83571
424,Patrizius,Helmke,patrizius.helmke@naver.com,Male,83957
753,Nathaniel,Kemme,nathaniel.kemme@buzzfeed.com,Male,83961
568,Sibby,Starten,sibby.starten@icio.com,Female,84162
881,La verne,Fishlee,la verne.fishlee@aol.com,Genderqueer,84288
168,Jacquetta,Ballingal,jacquetta.ballingal@sun.com,Female,84363
353,Catharina,Ciani,catharina.ciani@un.com,Female,84496
931,Devin,Kleint,devin.kleint@unicef.com,Female,84576
514,Iona,MacCracken,iona.maccracken@netvibes.com,Female,84766
264,Noell,Aldie,noell.aldie@flavors.com,Female,84829
532,Elisha,Negal,elisha.negal@vk.com,Male,84861
658,Trista,Maseyk,trista.maseyk@fda.com,Female,84920
9,Maje,Bernat,maje.bernat@photobucket.com,Male,84955
444,Celinka,Nation,celinka.nation@google.com,Female,85457
823,Mab,Eager,mab.eager@globo.com,Female,85462
79,Flint,MacPhee,flint.macphee@wordpress.com,Male,85693
6,Chaddie,Treagust,chaddie.treagust@ucla.com,Male,86303
254,Benjamen,Drought,benjamen.drought@oakley.com,Male,86380
808,Holt,Giacomuzzi,holt.giacomuzzi@ted.com,Male,86683
70,Alicia,Duval,alicia.duval@wordpress.com,Female,86926
583,Chicky,Tout,chicky.tout@tamu.com,Female,88137
989,Codee,Zarfai,codee.zarfai@apache.com,Female,88649
646,Hasheem,Tolworthie,hasheem.tolworthie@ca.com,Male,89433
998,Renato,Wilkenson,renato.wilkenson@example.com,Male,90065
419,Hollis,Matley,hollis.matley@rambler.com,Male,90204
66,Suzie,Dominguez,suzie.dominguez@wikia.com,Female,91014
561,Carlin,Housbie,carlin.housbie@photobucket.com,Male,91150
860,Beltran,Poltun,beltran.poltun@java.com,Male,91280
414,Garrard,Node,garrard.node@home.com,Male,91316
593,Helga,Scotford,helga.scotford@businessinsider.com,Female,91481
25,Carlin,Mabon,carlin.mabon@pinterest.com,Female,91555
556,Estelle,Willman,estelle.willman@springer.com,Female,92439
874,Lisabeth,Wrettum,lisabeth.wrettum@berkeley.com,Female,92954
650,Kevyn,Echallie,kevyn.echallie@paypal.com,Female,92972
413,Sibylle,Steinhammer,sibylle.steinhammer@java.com,Female,93398
69,Sander,Frith,sander.frith@ow.com,Male,93961
126,Gavin,Manssuer,gavin.manssuer@wikia.com,Male,94657
490,Sayers,Dosdill,sayers.dosdill@devhub.com,Male,94710
886,Dante,Cloney,dante.cloney@1688.com,Male,95272
853,Korney,Mattheissen,korney.mattheissen@paypal.com,Female,95542
780,Luise,Monelli,luise.monelli@phpbb.com,Female,95917
499,Boonie,Zealey,boonie.zealey@51.la,Male,96469
684,Lorettalorna,Leafe,lorettalorna.leafe@purevolume.com,Female,96476
352,Cicely,Tomaszynski,cicely.tomaszynski@fotki.com,Female,97754
142,Arlyne,Russan,arlyne.russan@themeforest.com,Female,98021
370,Grethel,Niesel,grethel.niesel@craigslist.com,Female,98158
489,Valry,Dockree,valry.dockree@harvard.com,Female,98292
867,Swen,Cuchey,swen.cuchey@phoca.com,Male,98389
676,Davy,Corradetti,davy.corradetti@admin.com,Male,98574
654,Dyanna,Coronado,dyanna.coronado@ehow.com,Female,98763
872,Sandra,McPake,sandra.mcpake@blogs.com,Genderfluid,99523
820,Bobbe,Maun,bobbe.maun@wiley.com,Female,100508
46,Sayre,Dellatorre,sayre.dellatorre@purevolume.com,Male,100606
440,Tasha,Paulot,tasha.paulot@bbc.com,Female,101242
253,Adrienne,Divver,adrienne.divver@webs.com,Female,101284
441,Gunter,Hawksley,gunter.hawksley@w3.com,Bigender,101372
303,Loretta,Turneux,loretta.turneux@odnoklassniki.com,Female,101642
744,Brennan,Cullinan,brennan.cullinan@theglobeandmail.com,Male,102058
468,Emmey,Moynihan,emmey.moynihan@bloglovin.com,Polygender,102182
520,Madlin,Tichelaar,madlin.tichelaar@w3.com,Female,102351
672,Ginger,Yoskowitz,ginger.yoskowitz@pagesperso-orange.com,Female,102500
269,Antonin,Cozens,antonin.cozens@posterous.com,Male,102690
796,Gaultiero,Pennicott,gaultiero.pennicott@instagram.com,Male,102880
347,Gilbertina,Francesconi,gilbertina.francesconi@shop-pro.com,Female,102916
721,Meara,Tumulty,meara.tumulty@latimes.com,Female,103254
36,Carmelia,Virgoe,carmelia.virgoe@youtube.com,Female,103349
903,Laraine,Fenning,laraine.fenning@homestead.com,Female,103580
589,Kordula,Shekle,kordula.shekle@chron.com,Female,103614
67,Dixie,Jedrzejewsky,dixie.jedrzejewsky@imageshack.com,Female,103688
851,Emmett,McReidy,emmett.mcreidy@redcross.com,Male,103781
250,Lyn,Vaadeland,lyn.vaadeland@1und1.com,Genderqueer,104346
618,Durante,Duchenne,durante.duchenne@paypal.com,Male,104594
879,Tonye,Rampage,tonye.rampage@virginia.com,Female,104853
480,Tatiana,Mugford,tatiana.mugford@last.com,Polygender,105024
938,Clary,Aire,clary.aire@usa.com,Female,105054
2,Kathryne,Dougher,kathryne.dougher@blog.com,Female,106172
801,Tiffi,Ecclesall,tiffi.ecclesall@discuz.com,Female,106404
423,Franciska,Baltrushaitis,franciska.baltrushaitis@ft.com,Female,106946
883,Prescott,Capelow,prescott.capelow@so-net.com,Male,106984
39,Gabi,Illsley,gabi.illsley@1688.com,Female,107177
637,Phil,Gurley,phil.gurley@kickstarter.com,Female,107470
35,Timothy,Gandy,timothy.gandy@nor.com,Male,107766
842,Susy,Elsy,susy.elsy@adobe.com,Female,107852
787,Daffy,Cantor,daffy.cantor@deliciousdays.com,Female,107908
850,Gerianne,Bente,gerianne.bente@census.com,Female,108284
740,Jenny,Camelin,jenny.camelin@domainmarket.com,Female,108305
72,Melitta,Holme,melitta.holme@admin.com,Female,108887
20,Griff,Petraitis,griff.petraitis@adobe.com,Male,109511
198,Tyrone,MacDougall,tyrone.macdougall@smh.com,Male,109620
183,Mandy,Arrundale,mandy.arrundale@php.com,Female,109901
917,Hermione,Anelay,hermione.anelay@fema.com,Female,110065
1,Rafaelita,Skehan,rafaelita.skehan@bravesites.com,Female,110107
897,Reuben,Hordle,reuben.hordle@t.co,Male,110614
682,Gradey,Lordon,gradey.lordon@lycos.com,Male,110781
838,Sanson,Renshall,sanson.renshall@fda.com,Male,111061
843,Jamima,Allsop,jamima.allsop@latimes.com,Female,111079
84,Claiborne,Ayars,claiborne.ayars@parallels.com,Male,111084
798,Cly,Etock,cly.etock@ted.com,Male,111221
616,Willy,Norbury,willy.norbury@odnoklassniki.com,Bigender,111512
670,Brody,Wilsher,brody.wilsher@statcounter.com,Male,111536
507,Clarey,Rosentholer,clarey.rosentholer@jigsy.com,Female,111548
202,Reinaldos,Kilshaw,reinaldos.kilshaw@businessinsider.com,Male,111704
415,Laure,Perkinson,laure.perkinson@cnn.com,Female,111946
972,Wilburt,Edlyne,wilburt.edlyne@cornell.com,Male,112735
954,Tonye,Ferrant,tonye.ferrant@admin.com,Female,112735
13,Brandea,Jedrychowski,brandea.jedrychowski@netlog.com,Bigender,112939
543,Barron,D'Avaux,barron.d'avaux@addthis.com,Male,113676
320,Carroll,Bischoff,carroll.bischoff@last.com,Male,114046
743,Boycey,De La Salle,boycey.de la salle@constantcontact.com,Male,114386
541,Patric,Grocutt,patric.grocutt@oaic.com,Male,114483
395,Enrika,Soot,enrika.soot@vk.com,Non-binary,115187
19,Tim,Brozsset,tim.brozsset@dion.com,Female,115201
576,Josefina,Lobe,josefina.lobe@stumbleupon.com,Female,115312
21,Foster,Dawidowitz,foster.dawidowitz@clickbank.com,Male,116219
553,Dmitri,Genner,dmitri.genner@dot.com,Male,116273
945,Johnette,Grinyakin,johnette.grinyakin@cargocollective.com,Female,116842
247,Alphonse,Lantiff,alphonse.lantiff@etsy.com,Male,116949
859,Byrle,Loader,byrle.loader@biglobe.com,Male,117874
155,Sallyann,Schoenrock,sallyann.schoenrock@jalbum.com,Female,117941
385,Debra,Heathwood,debra.heathwood@sitemeter.com,Female,118210
706,Berri,Rugge,berri.rugge@washingtonpost.com,Female,118262
235,Carlin,Hallet,carlin.hallet@sogou.com,Female,118663
321,Pammi,McCarter,pammi.mccarter@mapquest.com,Female,118834
180,Nels,Shama,nels.shama@tumblr.com,Male,119071
625,Ludovico,Raithmill,ludovico.raithmill@tinypic.com,Male,119417
166,Billi,Dowdle,billi.dowdle@a8.com,Polygender,119609
188,Cobb,Booeln,cobb.booeln@cafepress.com,Male,119611
378,Adolf,Shakshaft,adolf.shakshaft@house.com,Male,120037
911,Titus,Rentz,titus.rentz@indiegogo.com,Non-binary,120040
802,Marcus,Dmitrievski,marcus.dmitrievski@time.com,Male,120431
953,Chrissie,Huff,chrissie.huff@blog.com,Male,120490
251,Benedicta,Greger,benedicta.greger@house.com,Female,120509
937,Fabiano,Worden,fabiano.worden@cnn.com,Male,120594
272,Bobbye,Doreward,bobbye.doreward@booking.com,Female,120643
870,Myrvyn,Stolberg,myrvyn.stolberg@gravatar.com,Male,121018
645,Lammond,Rapo,lammond.rapo@ucoz.com,Male,121144
153,Clyde,Ellerby,clyde.ellerby@ihg.com,Male,122524
261,Lexy,Lovejoy,lexy.lovejoy@msn.com,Female,122752
426,Rey,Battisson,rey.battisson@4shared.com,Female,123155
306,Lenore,Chalcraft,lenore.chalcraft@vk.com,Female,124676
914,Buffy,Verrell,buffy.verrell@tripadvisor.com,Agender,124941
222,Jaine,Solley,jaine.solley@youtube.com,Female,125246
393,Richmond,Daveren,richmond.daveren@myspace.com,Male,125278
448,Mill,Norley,mill.norley@spiegel.com,Bigender,125421
243,Teddi,Franks,teddi.franks@nih.com,Female,125583
985,Rhianon,Backsal,rhianon.backsal@free.com,Female,126193
761,Marget,Prinne,marget.prinne@dmoz.com,Female,126407
481,Nicol,Zaniolo,nicol.zaniolo@businesswire.com,Female,127140
257,Briney,Kenlin,briney.kenlin@hp.com,Female,127916
50,Joy,Hehir,joy.hehir@slashdot.com,Female,128525
494,Shela,Reade,shela.reade@list-manage.com,Female,128700
458,Cinda,Sturm,cinda.sturm@cornell.com,Female,128967
276,Keri,Grubey,keri.grubey@topsy.com,Female,129092
508,Isidora,O'dell,isidora.o'dell@hibu.com,Female,129496
995,Cyndi,Mackerel,cyndi.mackerel@istockphoto.com,Female,129960
436,Jammie,Westell,jammie.westell@geocities.com,Female,130013
120,Asa,Acomb,asa.acomb@behance.com,Male,130246
334,Emmery,Catmull,emmery.catmull@imgur.com,Non-binary,130268
293,Marni,Dani,marni.dani@csmonitor.com,Genderfluid,130508
431,Erek,Yepiskov,erek.yepiskov@cloudflare.com,Non-binary,130788
239,Lamont,Pawfoot,lamont.pawfoot@amazonaws.com,Male,130899
525,Letisha,Satchell,letisha.satchell@gnu.com,Female,131447
942,Emmalee,Simnel,emmalee.simnel@hostgator.com,Female,131630
186,Kelsey,Pirozzi,kelsey.pirozzi@hibu.com,Male,131661
327,Rowan,Szanto,rowan.szanto@nytimes.com,Male,131904
921,Brandea,Scemp,brandea.scemp@washington.com,Female,132010
289,Roland,Cartin,roland.cartin@wisc.com,Male,132107
326,Chris,Wyness,chris.wyness@sbwire.com,Male,132757
878,Berne,Helgass,berne.helgass@wunderground.com,Male,133614
337,Ginny,Culwen,ginny.culwen@homestead.com,Female,133680
791,Corabel,Sibbering,corabel.sibbering@liveinternet.com,Female,134461
846,Artemas,Hrynczyk,artemas.hrynczyk@github.com,Male,134617
715,Sloane,Corzor,sloane.corzor@furl.com,Male,134927
826,Mame,O'Cannovane,mame.o'cannovane@nifty.com,Female,135211
524,Mortie,Reisin,mortie.reisin@guardian.com,Male,135536
923,Abrahan,Hymans,abrahan.hymans@mysql.com,Male,135592
169,Lorelle,Feaks,lorelle.feaks@columbia.com,Genderfluid,135625
392,Lurette,McFarland,lurette.mcfarland@xing.com,Female,137137
339,Darsey,Wilcott,darsey.wilcott@networksolutions.com,Female,137804
678,Sibelle,Burnhams,sibelle.burnhams@digg.com,Female,137956
627,Vania,Neeves,vania.neeves@aol.com,Female,138679
52,Mona,Keling,mona.keling@blogs.com,Agender,139686
638,Sid,McCullen,sid.mccullen@shinystat.com,Polygender,139799
572,Eolande,Ditch,eolande.ditch@theglobeandmail.com,Female,140213
3,Marcile,Desforges,marcile.desforges@hhs.com,Female,140746
112,Myles,Fenne,myles.fenne@netscape.com,Male,140758
549,Alison,Burgise,alison.burgise@geocities.com,Female,140990
389,Jo,Delve,jo.delve@npr.com,Male,141237
454,Bunni,Manach,bunni.manach@archive.com,Female,142214
270,Nerta,Yapp,nerta.yapp@squarespace.com,Female,142284
400,Whitaker,Heyward,whitaker.heyward@about.com,Male,142288
720,Mamie,Mudge,mamie.mudge@indiegogo.com,Female,142736
387,Fred,Ferentz,fred.ferentz@fda.com,Female,143188
76,Jules,Gleadhell,jules.gleadhell@wix.com,Agender,143481
236,Valera,Dorro,valera.dorro@unesco.com,Genderqueer,144241
88,Levy,Gason,levy.gason@toplist.com,Male,144528
977,Ward,Addinall,ward.addinall@so-net.com,Male,145294
656,Gard,Wayt,gard.wayt@shutterfly.com,Male,145360
990,Skelly,Huxter,skelly.huxter@posterous.com,Male,145365
103,Hamid,Beaves,hamid.beaves@bigcartel.com,Male,145510
26,Emogene,Moubray,emogene.moubray@bravesites.com,Female,145933
746,Issiah,Lamberton,issiah.lamberton@senate.com,Male,146182
783,Lewie,Barnby,lewie.barnby@aboutads.com,Polygender,146365
466,Laney,Saiens,laney.saiens@bravesites.com,Male,146441
130,Shara,Pretti,shara.pretti@fotki.com,Female,147111
192,Curt,Stirgess,curt.stirgess@marketwatch.com,Male,147829
165,Louis,Gentile,louis.gentile@theglobeandmail.com,Male,148266
880,Goldi,Duiged,goldi.duiged@sbwire.com,Female,148398
278,Candide,Boog,candide.boog@msn.com,Female,148528
926,Adams,McCauley,adams.mccauley@dropbox.com,Male,148565
64,Pam,Vacher,pam.vacher@europa.com,Female,148587
728,Quintus,Caldero,quintus.caldero@trellian.com,Male,148937
274,Esra,Eskrigge,esra.eskrigge@sourceforge.com,Male,149047
259,Jazmin,Georgius,jazmin.georgius@parallels.com,Female,149259
368,Gill,Burnyeat,gill.burnyeat@fotki.com,Female,149278
288,Octavia,Rookes,octavia.rookes@nationalgeographic.com,Female,149424
811,Chance,De Cruce,chance.de cruce@ca.com,Male,150067
833,Nickey,Bonnesen,nickey.bonnesen@wufoo.com,Male,150100
117,Chrisy,Christian,chrisy.christian@redcross.com,Male,150581
889,Adolph,Ratray,adolph.ratray@economist.com,Male,150663
158,Verne,Lionel,verne.lionel@businessinsider.com,Male,150905
470,Mischa,Aizik,mischa.aizik@slideshare.com,Male,151055
805,Drusilla,Spellacey,drusilla.spellacey@sakura.com,Female,152063
324,Audrey,Towersey,audrey.towersey@amazon.com,Polygender,152229
338,Michaela,Grzegorek,michaela.grzegorek@blogs.com,Female,152654
12,Stearn,Phythien,stearn.phythien@ifeng.com,Male,153096
510,Georges,Greswell,georges.greswell@spiegel.com,Male,153522
314,Gertrude,Rupp,gertrude.rupp@nature.com,Female,153637
526,Sibylla,Twizell,sibylla.twizell@earthlink.com,Female,153825
530,Ollie,Lippingwell,ollie.lippingwell@usgs.com,Male,155442
980,Sibylla,Bendik,sibylla.bendik@blogspot.com,Female,156329
729,Dagny,Dinnis,dagny.dinnis@auda.com,Genderqueer,156336
691,Dusty,Cotterrill,dusty.cotterrill@china.com,Female,156419
506,Murvyn,Minichillo,murvyn.minichillo@taobao.com,Male,156503
503,Mac,de Banke,mac.de banke@ebay.com,Male,156868
360,Giorgi,Rozier,giorgi.rozier@fema.com,Agender,156869
48,Jermayne,Yitzovicz,jermayne.yitzovicz@irs.com,Male,156920
750,Gaspard,Rustman,gaspard.rustman@fotki.com,Male,157019
94,Murray,Emmerson,murray.emmerson@arstechnica.com,Male,157119
538,Diane-marie,Chrstine,diane-marie.chrstine@blogs.com,Female,157297
641,Terrance,Vairow,terrance.vairow@virginia.com,Male,157438
677,Lorrie,Lyenyng,lorrie.lyenyng@upenn.com,Female,157490
529,Leonanie,Westmancoat,leonanie.westmancoat@cafepress.com,Female,157800
304,Gray,Kincey,gray.kincey@craigslist.com,Female,157882
590,Charity,Petera,charity.petera@dell.com,Female,158166
68,Trula,Guion,trula.guion@example.com,Female,158463
950,Dinah,Shapland,dinah.shapland@cargocollective.com,Female,158551
89,Flss,Bleazard,flss.bleazard@ifeng.com,Female,158583
997,Sayers,Loisi,sayers.loisi@nps.com,Male,158658
128,Cordelia,Eadmead,cordelia.eadmead@squarespace.com,Polygender,158662
712,Barbie,Tailour,barbie.tailour@skyrock.com,Female,158794
557,Lilli,Waleran,lilli.waleran@hao123.com,Female,158799
283,Erica,Fursey,erica.fursey@histats.com,Female,158979
380,Kissie,Greenhaugh,kissie.greenhaugh@biblegateway.com,Female,160754
99,Derrick,Janiszewski,derrick.janiszewski@salon.com,Male,160949
683,Melany,Bamlett,melany.bamlett@apache.com,Female,161224
550,Daffy,Broomfield,daffy.broomfield@dailymail.com,Female,161682
409,Ruthie,Jesteco,ruthie.jesteco@eventbrite.com,Female,162021
768,Neille,Meneur,neille.meneur@devhub.com,Female,162108
648,Teddy,Stode,teddy.stode@yolasite.com,Female,162346
731,Cosette,Goudge,cosette.goudge@dedecms.com,Female,163276
875,Nathan,Willgoss,nathan.willgoss@jalbum.com,Male,163497
447,Stillman,Ganter,stillman.ganter@indiatimes.com,Male,163641
122,Jaime,Stienham,jaime.stienham@alexa.com,Male,163848
966,Mano,Cabral,mano.cabral@fastcompany.com,Male,164349
135,Bartie,Jodlkowski,bartie.jodlkowski@squarespace.com,Male,164761
60,Camellia,Mayler,camellia.mayler@vistaprint.com,Genderfluid,164816
861,Hakeem,Kerton,hakeem.kerton@shinystat.com,Male,165364
623,Doroteya,Jantet,doroteya.jantet@ihg.com,Female,165517
869,Davina,Balshen,davina.balshen@nature.com,Female,165813
5,Koenraad,Cundy,koenraad.cundy@sun.com,Male,166413
558,Tan,Syer,tan.syer@bizjournals.com,Male,166462
735,Rosamund,Tremolieres,rosamund.tremolieres@bandcamp.com,Female,166532
835,Lezley,Cartman,lezley.cartman@chicagotribune.com,Male,166692
40,Ervin,Dandy,ervin.dandy@marriott.com,Male,166798
569,Mendy,Pheazey,mendy.pheazey@hud.com,Male,166858
748,Andonis,Conti,andonis.conti@hatena.com,Male,167361
726,Herbie,Karlowicz,herbie.karlowicz@irs.com,Male,167362
577,Emmy,Jean,emmy.jean@cornell.com,Bigender,168399
27,Nero,Yitshak,nero.yitshak@stanford.com,Male,168780
705,Caesar,Ox,caesar.ox@reddit.com,Male,169203
302,Jude,Mozzetti,jude.mozzetti@clickbank.com,Male,170233
793,Zerk,Royle,zerk.royle@vistaprint.com,Male,170430
660,Melesa,Fewings,melesa.fewings@spotify.com,Female,170541
540,Dyana,Titford,dyana.titford@dell.com,Female,170636
873,Kitty,Cockland,kitty.cockland@com.com,Female,172188
462,Darin,Fayter,darin.fayter@bandcamp.com,Male,172972
110,Frayda,Wattins,frayda.wattins@kickstarter.com,Female,173012
318,Devonna,Larimer,devonna.larimer@trellian.com,Female,173232
667,Marsiella,Longcake,marsiella.longcake@hao123.com,Female,173509
442,Teddy,Aslett,teddy.aslett@fema.com,Male,173593
341,Milzie,Dassindale,milzie.dassindale@goo.com,Female,173876
819,Aharon,Greenfield,aharon.greenfield@wix.com,Male,174234
214,Chas,Dawbery,chas.dawbery@arstechnica.com,Male,174435
614,Ogdan,Alastair,ogdan.alastair@baidu.com,Male,174686
723,Maye,Furmage,maye.furmage@jalbum.com,Female,174930
329,Geno,Tumber,geno.tumber@csmonitor.com,Male,174944
531,Jacinta,Maysor,jacinta.maysor@reuters.com,Female,175048
487,Rheba,Norway,rheba.norway@psu.com,Genderfluid,175092
825,Erina,Bottinelli,erina.bottinelli@walmart.com,Female,175282
218,Celestyn,Penella,celestyn.penella@slideshare.com,Female,176296
595,Vito,Dagless,vito.dagless@woothemes.com,Male,176858
518,Tamarra,Bacher,tamarra.bacher@diigo.com,Female,177554
973,Don,Brittain,don.brittain@nydailynews.com,Male,177575
47,Elizabeth,Liveley,elizabeth.liveley@utexas.com,Female,177817
605,Ashely,Tressler,ashely.tressler@samsung.com,Female,177881
346,Ethel,Sellen,ethel.sellen@upenn.com,Female,178509
714,Connie,Fibbens,connie.fibbens@indiatimes.com,Male,178642
703,Francine,Weldrake,francine.weldrake@pinterest.com,Female,178856
999,Josefa,Boothe,josefa.boothe@merriam-webster.com,Female,179443
95,Ilse,Kembry,ilse.kembry@skyrock.com,Polygender,179790
707,Claiborn,Strachan,claiborn.strachan@mozilla.com,Male,179930
674,Corabella,Janata,corabella.janata@hibu.com,Female,180224
665,Sydel,Pietron,sydel.pietron@whitehouse.com,Female,180841
855,Trent,Bittleson,trent.bittleson@usda.com,Genderfluid,181729
941,Vale,Bartell,vale.bartell@imgur.com,Female,181967
496,Milty,Caig,milty.caig@studiopress.com,Male,183281
34,Natty,Kruschov,natty.kruschov@dmoz.com,Male,183738
363,Johannah,Crimes,johannah.crimes@npr.com,Female,184369
206,Keriann,Harbord,keriann.harbord@timesonline.com,Non-binary,184551
927,Tito,Marchington,tito.marchington@gmpg.com,Male,184786
14,Chandal,Hardy-Piggin,chandal.hardy-piggin@meetup.com,Female,185407
521,Sunshine,Basnett,sunshine.basnett@yahoo.com,Female,185497
375,Buiron,Sponton,buiron.sponton@intel.com,Male,185704
495,Felicle,Lars,felicle.lars@boston.com,Female,186131
184,Elliot,McDonagh,elliot.mcdonagh@epa.com,Male,186868
476,Nobie,Antuoni,nobie.antuoni@deviantart.com,Male,187941
200,Nicolina,MacGown,nicolina.macgown@cisco.com,Female,188043
300,Alvina,Leeming,alvina.leeming@sohu.com,Female,189137
42,Jordan,O' Lone,jordan.o' lone@blinklist.com,Male,189438
651,Arnuad,Lagne,arnuad.lagne@yellowbook.com,Male,189904
57,Tedda,Shemmans,tedda.shemmans@skype.com,Female,190172
696,Charla,Espie,charla.espie@discovery.com,Female,190924
344,Randall,Fickling,randall.fickling@cbc.com,Genderfluid,190973
537,Ignacio,Mulvy,ignacio.mulvy@artisteer.com,Male,191333
932,Audrey,Iacoviello,audrey.iacoviello@fc2.com,Female,191481
555,Coletta,Raithmill,coletta.raithmill@illinois.com,Female,192185
612,Nicolai,Kearn,nicolai.kearn@elegantthemes.com,Male,192400
136,Dick,Dregan,dick.dregan@cocolog-nifty.com,Male,193087
149,Prudence,Petofi,prudence.petofi@alexa.com,Female,193287
477,Hyacinth,Bensusan,hyacinth.bensusan@hexun.com,Female,194065
760,Ash,Pothergill,ash.pothergill@businessweek.com,Male,194180
213,Lotti,Levinge,lotti.levinge@washingtonpost.com,Female,194481
574,Aurie,Mathivat,aurie.mathivat@uiuc.com,Bigender,194496
863,Annetta,Prujean,annetta.prujean@yale.com,Female,194539
228,Kev,Corkish,kev.corkish@mayoclinic.com,Male,194819
203,Noble,Pessler,noble.pessler@baidu.com,Male,195164
483,Jonis,Moulden,jonis.moulden@washingtonpost.com,Female,195555
856,Harriette,Lindley,harriette.lindley@edublogs.com,Female,196500
806,Yulma,Hupe,yulma.hupe@nba.com,Male,196641
624,Charmine,Upwood,charmine.upwood@newsvine.com,Female,196978
417,Porter,Sibylla,porter.sibylla@salon.com,Non-binary,197308
161,Luis,Acey,luis.acey@epa.com,Male,197670
7,Luis,Hordle,luis.hordle@prnewswire.com,Male,197874
452,Rozamond,Seres,rozamond.seres@addthis.com,Female,198777
179,Katharyn,Gravy,katharyn.gravy@over-blog.com,Female,198956
929,Sayre,Goodchild,sayre.goodchild@sfgate.com,Polygender,199205
565,Akim,Atlay,akim.atlay@cnn.com,Male,199981
708,Hernando,Corradetti,hernando.corradetti@youtu.be,Male,200297
233,Malinda,Twidell,malinda.twidell@netlog.com,Female,200742
372,Marika,Aggis,marika.aggis@cloudflare.com,Female,200785
957,Fanchette,Greenard,fanchette.greenard@oakley.com,Female,200886
570,Tuckie,Duffree,tuckie.duffree@joomla.com,Male,201185
152,Chrissie,Hawk,chrissie.hawk@eepurl.com,Female,201196
689,Maurise,Jonczyk,maurise.jonczyk@amazonaws.com,Female,201568
154,Harwilll,Nightingale,harwilll.nightingale@tsakura.com,Male,201605
794,Emelina,Houldcroft,emelina.houldcroft@free.com,Female,202396
592,Audrye,Retter,audrye.retter@hp.com,Female,202400
453,Jodi,Colebrook,jodi.colebrook@istockphoto.com,Male,203798
258,Jacki,Lindenblatt,jacki.lindenblatt@dagondesign.com,Female,204169
815,Tiffany,Luscombe,tiffany.luscombe@ebay.com,Female,205038
111,Cam,Croneen,cam.croneen@mysql.com,Male,205321
225,Katalin,McIndoe,katalin.mcindoe@gmail.com,Female,205522
704,Rusty,Lufkin,rusty.lufkin@pinterest.com,Male,205667
965,Georgine,Hatchell,georgine.hatchell@amazon.com,Female,205952
435,Paco,Kyles,paco.kyles@sohu.com,Male,205987
755,Lucho,Gasnell,lucho.gasnell@europa.com,Male,206057
786,Candide,Sibray,candide.sibray@pinterest.com,Female,206065
81,Mellisent,Comley,mellisent.comley@alibaba.com,Female,206217
439,Benedikta,Twidle,benedikta.twidle@samsung.com,Female,206490
310,Onfre,Snellman,onfre.snellman@hatena.com,Male,207004
355,Nicky,Donohoe,nicky.donohoe@hubpages.com,Male,207062
827,Tracie,Scheffler,tracie.scheffler@skype.com,Female,207509
582,Chastity,Le Prevost,chastity.le prevost@tuttocitta.com,Female,207724
936,Dunc,Clemoes,dunc.clemoes@newyorker.com,Male,208923
730,Krissie,Nevett,krissie.nevett@hibu.com,Female,209411
742,Craggie,Perrin,craggie.perrin@unc.com,Male,209430
812,Shantee,Netherwood,shantee.netherwood@ebay.com,Female,209435
472,Joli,Hoggetts,joli.hoggetts@tmall.com,Bigender,209655
905,Sophia,Rachuig,sophia.rachuig@un.com,Female,209868
51,Val,Lotherington,val.lotherington@about.com,Male,210162
959,Basilius,Probbin,basilius.probbin@gnu.com,Male,210419
643,Billy,Oattes,billy.oattes@latimes.com,Male,210666
256,Jessa,Opfer,jessa.opfer@imdb.com,Female,210674
33,Shari,Sclanders,shari.sclanders@rediff.com,Female,210797
456,Shelley,Doll,shelley.doll@youku.com,Male,210851
837,Ewan,Briggs,ewan.briggs@mediafire.com,Male,210997
956,Thedrick,Inott,thedrick.inott@state.com,Genderfluid,211070
892,Judah,Poser,judah.poser@upenn.com,Polygender,211553
101,Aigneis,Elverstone,aigneis.elverstone@so-net.com,Non-binary,211666
799,Mead,Ritter,mead.ritter@jiathis.com,Male,212807
100,Brianne,McRitchie,brianne.mcritchie@umn.com,Female,213006
296,Humphrey,Sheepy,humphrey.sheepy@dailymotion.com,Male,213170
513,Dan,Kilfether,dan.kilfether@diigo.com,Male,213223
407,Amory,Silber,amory.silber@ted.com,Male,213472
804,Gale,Rowth,gale.rowth@vimeo.com,Male,213615
319,Feodor,Eriksson,feodor.eriksson@geocities.com,Male,214273
996,Currey,Murricanes,currey.murricanes@pinterest.com,Male,214287
611,Murielle,McOwan,murielle.mcowan@hc360.com,Female,214483
694,Jaclin,Giorgetti,jaclin.giorgetti@state.tx.com,Female,214857
778,Giulia,Colvill,giulia.colvill@jigsy.com,Non-binary,215301
722,Ody,Sandeford,ody.sandeford@behance.com,Male,215407
75,Clifford,Espin,clifford.espin@creativecommons.com,Bigender,215597
586,Ozzie,Dewerson,ozzie.dewerson@stanford.com,Male,215763
240,Riobard,Szapiro,riobard.szapiro@quantcast.com,Male,216003
134,Neils,Nassey,neils.nassey@patch.com,Male,216190
800,Sheffy,Gerritzen,sheffy.gerritzen@slideshare.com,Male,216779
587,Franny,Beswick,franny.beswick@list-manage.com,Male,217267
241,Nolie,Joye,nolie.joye@google.com,Female,217283
539,Jen,Scough,jen.scough@thetimes.com,Female,217693
282,Vidovik,Diggens,vidovik.diggens@usda.com,Male,217821
680,Rriocard,Brigginshaw,rriocard.brigginshaw@purevolume.com,Male,218171
371,Abbie,Molesworth,abbie.molesworth@live.com,Male,218283
640,Roslyn,Jenteau,roslyn.jenteau@csmonitor.com,Bigender,218631
260,Imogene,Antonescu,imogene.antonescu@123-reg.com,Female,218798
630,Pete,Najafian,pete.najafian@twitter.com,Male,218939
24,Christye,Solleme,christye.solleme@spotify.com,Female,219012
757,Burlie,Ottewill,burlie.ottewill@yahoo.com,Male,219153
967,Arnaldo,Abdie,arnaldo.abdie@vinaora.com,Male,219864
145,Jamal,Vittle,jamal.vittle@marketwatch.com,Male,220016
601,Barrie,Robart,barrie.robart@weebly.com,Male,220057
663,Christen,Jerred,christen.jerred@opera.com,Female,220108
330,Reinhard,Lilleman,reinhard.lilleman@sohu.com,Male,220519
644,Venita,Schirach,venita.schirach@opensource.com,Female,222029
626,Fleur,Hearne,fleur.hearne@nsw.com,Female,222216
113,Dalenna,Grinsted,dalenna.grinsted@nbcnews.com,Female,222282
323,Eberto,Nuzzti,eberto.nuzzti@sfgate.com,Male,222565
709,Tait,Harmon,tait.harmon@seattletimes.com,Male,223336
982,Olenka,Jope,olenka.jope@artisteer.com,Bigender,223596
575,Livvyy,Liveley,livvyy.liveley@mapy.com,Female,223827
148,Hirsch,Ellsom,hirsch.ellsom@people.com,Male,224469
736,Delmor,Silverwood,delmor.silverwood@redcross.com,Male,226231
930,Livia,Samples,livia.samples@examiner.com,Female,226399
190,Claudius,Robarts,claudius.robarts@woothemes.com,Male,226443
711,Francesco,Asple,francesco.asple@yahoo.com,Male,227165
864,Sayre,Kerrigan,sayre.kerrigan@theatlantic.com,Female,227282
916,Eldon,Posen,eldon.posen@cam.com,Male,227361
220,Aaren,Begwell,aaren.begwell@baidu.com,Female,227808
488,Gare,Gerrelts,gare.gerrelts@comsenz.com,Male,227852
127,Alaine,Flux,alaine.flux@time.com,Female,228510
461,Duffy,McCutcheon,duffy.mccutcheon@mapy.com,Male,228598
687,Ninette,De Cruze,ninette.de cruze@kickstarter.com,Genderqueer,229190
653,Nathaniel,Jowle,nathaniel.jowle@youku.com,Male,229210
700,Clayson,Jizhaki,clayson.jizhaki@printfriendly.com,Male,229404
316,Derrik,Showen,derrik.showen@dot.com,Male,229486
482,Gerrie,Oglevie,gerrie.oglevie@slideshare.com,Male,230272
606,Lulu,Keaton,lulu.keaton@disqus.com,Female,230449
960,Adina,Deschlein,adina.deschlein@nba.com,Female,231601
983,Abran,Winspur,abran.winspur@blog.com,Male,232058
551,Barbabas,Isherwood,barbabas.isherwood@ox.com,Male,232727
913,Shepperd,Gheeorghie,shepperd.gheeorghie@nature.com,Male,232944
467,Otis,Fourmy,otis.fourmy@ocn.com,Male,233521
195,Alvis,Stoaks,alvis.stoaks@bing.com,Male,233784
96,Anni,Manoch,anni.manoch@yelp.com,Female,234677
15,Archibaldo,Spieck,archibaldo.spieck@washingtonpost.com,Male,234808
366,Penn,Kiehnlt,penn.kiehnlt@epa.com,Male,234935
475,Estele,Schafer,estele.schafer@toplist.com,Female,235453
785,Ursuline,Downham,ursuline.downham@desdev.com,Genderfluid,235690
358,Buddie,Pickston,buddie.pickston@adobe.com,Male,235819
831,Gus,Bierman,gus.bierman@mac.com,Female,236090
951,Tome,Yurenin,tome.yurenin@techcrunch.com,Male,236091
143,Viva,Gorce,viva.gorce@tripod.com,Female,236269
734,Luce,O'Collopy,luce.o'collopy@umn.com,Female,236307
673,Lilyan,Menzies,lilyan.menzies@adobe.com,Female,236401
226,Iolande,Tretter,iolande.tretter@mail.com,Female,237037
163,Winslow,Hodgon,winslow.hodgon@bigcartel.com,Male,237184
108,Latashia,Northern,latashia.northern@who.com,Female,237376
795,Padraic,Glamart,padraic.glamart@usnews.com,Male,237603
266,Juliana,Tubbles,juliana.tubbles@technorati.com,Female,238143
747,Ham,Kloster,ham.kloster@theatlantic.com,Non-binary,238334
17,Alla,Haborn,alla.haborn@businesswire.com,Female,238849
584,Nil,Baraclough,nil.baraclough@youtube.com,Male,238935
365,Steve,Dowall,steve.dowall@scribd.com,Male,239582
647,Jorry,Shorto,jorry.shorto@bloomberg.com,Female,239744
287,Roxane,Alesio,roxane.alesio@webs.com,Female,240734
946,Kaiser,Bessant,kaiser.bessant@spiegel.com,Male,240850
123,Alene,Corstan,alene.corstan@miibeian.com,Female,241759
797,Ddene,Anglish,ddene.anglish@dmoz.com,Female,242470
234,Evey,Baudinot,evey.baudinot@usatoday.com,Female,242521
770,Bonni,Fazakerley,bonni.fazakerley@flavors.com,Female,243158
504,Tootsie,Brock,tootsie.brock@privacy.com,Female,243324
362,Dagny,Watsham,dagny.watsham@slashdot.com,Male,243461
527,Addy,Worland,addy.worland@npr.com,Female,244416
242,Erina,Boden,erina.boden@github.com,Female,244945
416,Rubi,Burkitt,rubi.burkitt@pagesperso-orange.com,Female,245185
137,Ursala,Wort,ursala.wort@feedburner.com,Female,245311
737,Mitch,Passby,mitch.passby@microsoft.com,Male,245913
55,Livvyy,Gumary,livvyy.gumary@globo.com,Female,245930
388,Deloria,Park,deloria.park@forbes.com,Female,245963
615,Shamus,Belward,shamus.belward@utexas.com,Male,246751
554,Foster,Ertel,foster.ertel@prlog.com,Male,247856
227,Russell,Very,russell.very@github.com,Male,247867
620,Francoise,Donneely,francoise.donneely@nifty.com,Female,247933
994,Heath,Hayles,heath.hayles@yahoo.com,Female,248678
915,Eustace,Halgarth,eustace.halgarth@indiegogo.com,Male,249517
840,Amandi,Beton,amandi.beton@prnewswire.com,Female,249539
457,George,Scole,george.scole@ucla.com,Male,249569
328,Hollie,Dunlop,hollie.dunlop@about.com,Female,249702
432,Candra,Bonsul,candra.bonsul@examiner.com,Female,249756
471,Nicolette,Catherall,nicolette.catherall@hp.com,Female,249761
986,Paulie,Lambregts,paulie.lambregts@oracle.com,Male,249783
962,Terry,Wanley,terry.wanley@telegraph.com,Female,249921
899,Coralyn,Emney,coralyn.emney@adobe.com,Female,250719
901,Annmarie,Oriel,annmarie.oriel@chronoengine.com,Female,250857
552,Ivor,Reppaport,ivor.reppaport@ibm.com,Male,250889
176,Kristin,Showte,kristin.showte@techcrunch.com,Female,251276
522,Allin,Creany,allin.creany@bandcamp.com,Male,251364
45,Lazar,Hynd,lazar.hynd@npr.com,Male,251567
725,Asher,MacKinnon,asher.mackinnon@amazon.com,Male,251577
505,Dell,Lubman,dell.lubman@accuweather.com,Female,251885
894,Juanita,Finlayson,juanita.finlayson@i2i.com,Female,252055
271,Wainwright,Suter,wainwright.suter@free.com,Bigender,252149
803,Brig,Chivers,brig.chivers@mediafire.com,Male,252253
924,Mal,Friedenbach,mal.friedenbach@usda.com,Genderqueer,252813
847,Delcine,Fontes,delcine.fontes@ifeng.com,Female,253011
197,Vlad,Fewless,vlad.fewless@dedecms.com,Male,253124
32,Humbert,Ible,humbert.ible@virginia.com,Male,253212
428,Trescha,Ingliby,trescha.ingliby@japanpost.com,Female,254337
534,Chrisse,Greenig,chrisse.greenig@independent.com,Male,254552
443,Chrystal,MacKnocker,chrystal.macknocker@yellowbook.com,Female,254619
277,Nicki,Ramet,nicki.ramet@phpbb.com,Female,254755
29,Jaquenetta,Allridge,jaquenetta.allridge@pen.com,Female,254999
342,Kincaid,Wennam,kincaid.wennam@google.com,Male,255808
209,Cad,Richichi,cad.richichi@merriam-webster.com,Male,255926
685,Stafani,Stolz,stafani.stolz@twitpic.com,Non-binary,255945
987,Jeffry,Camili,jeffry.camili@shareasale.com,Male,256478
547,Fidelia,Cuerdale,fidelia.cuerdale@nbcnews.com,Female,256831
421,Caryl,Pughe,caryl.pughe@kickstarter.com,Male,256864
313,Ramona,Crutchley,ramona.crutchley@about.com,Genderfluid,257065
173,Maitilde,Bradburne,maitilde.bradburne@fastcompany.com,Female,257258
162,Burl,Rubee,burl.rubee@blog.com,Male,257934
267,Tad,Messent,tad.messent@usda.com,Male,258626
219,Ronny,Cruce,ronny.cruce@technorati.com,Female,258637
512,Risa,Brotherick,risa.brotherick@spotify.com,Female,259291
345,Niall,Whitland,niall.whitland@sakura.com,Male,260048
129,Britteny,Hamprecht,britteny.hamprecht@ifeng.com,Female,260088
93,Harlan,Pierton,harlan.pierton@usda.com,Male,260118
597,Rik,Ashforth,rik.ashforth@forbes.com,Bigender,260265
862,Almire,Seakes,almire.seakes@canalblog.com,Female,261068
559,Victor,Perl,victor.perl@nature.com,Male,262305
639,Stephanie,Franken,stephanie.franken@geocities.com,Female,262311
427,Yurik,Conduit,yurik.conduit@google.com,Male,262708
215,Mignon,Giffon,mignon.giffon@jimdo.com,Genderfluid,262835
139,Naomi,Snufflebottom,naomi.snufflebottom@sakura.com,Female,263665
566,Phillip,Jansey,phillip.jansey@smugmug.com,Male,263745
920,Zak,Clemits,zak.clemits@reddit.com,Male,263853
984,Barret,Badam,barret.badam@vkontakte.com,Polygender,264546
104,Claudelle,Chishull,claudelle.chishull@g.com,Female,264570
594,Leeanne,Gleave,leeanne.gleave@google.com,Polygender,265086
893,Teressa,Broszkiewicz,teressa.broszkiewicz@nbcnews.com,Female,265123
773,Paola,Hartzog,paola.hartzog@statcounter.com,Female,265894
207,Evelina,Whipp,evelina.whipp@instagram.com,Female,267234
975,Neysa,Rhodef,neysa.rhodef@engadget.com,Female,267265
357,Benito,Beckford,benito.beckford@europa.com,Male,267573
268,Kim,MacGruer,kim.macgruer@oracle.com,Male,268684
536,Harrison,Beaney,harrison.beaney@lulu.com,Genderqueer,269220
144,Zenia,Du Fray,zenia.du fray@dmoz.com,Female,269360
868,Ronnie,Beswick,ronnie.beswick@ebay.com,Female,269413
535,Gigi,Scullion,gigi.scullion@lycos.com,Female,269990
90,Weston,Foucar,weston.foucar@naver.com,Male,270488
402,Caterina,Wonfar,caterina.wonfar@home.com,Female,270695
610,Mae,Le Borgne,mae.le borgne@mapquest.com,Female,271915
788,Coriss,Kinkead,coriss.kinkead@pbs.com,Female,271982
501,Bowie,Acarson,bowie.acarson@oracle.com,Male,272062
61,Shawn,Lockitt,shawn.lockitt@meetup.com,Female,272597
41,Danna,Goncaves,danna.goncaves@aboutads.com,Female,272922
922,Anders,Fingleton,anders.fingleton@google.com,Male,273004
469,Webster,Banner,webster.banner@studiopress.com,Male,273040
935,Andie,Burnup,andie.burnup@umn.com,Male,273232
517,Kira,Caldayrou,kira.caldayrou@addtoany.com,Female,273618
356,Boot,Kernocke,boot.kernocke@unc.com,Male,273650
585,Izak,Rupprecht,izak.rupprecht@sogou.com,Male,274011
244,Shalom,Arnow,shalom.arnow@patch.com,Male,274090
8,Robinetta,Camden,robinetta.camden@vkontakte.com,Female,274447
581,Letizia,Snuggs,letizia.snuggs@vk.com,Female,274758
119,Billie,Bryson,billie.bryson@businessweek.com,Female,274796
562,Englebert,Haster,englebert.haster@elegantthemes.com,Male,275160
497,Arni,Pierri,arni.pierri@mozilla.com,Male,275205
912,Lee,Pleat,lee.pleat@goo.com,Male,275700
92,Glenda,Vlasin,glenda.vlasin@quantcast.com,Female,275901
888,Othello,Heinssen,othello.heinssen@hexun.com,Genderqueer,276010
964,Kristien,Gawkroge,kristien.gawkroge@dedecms.com,Female,276597
1000,Rourke,Littledyke,rourke.littledyke@wp.com,Male,276856
516,Layton,Coat,layton.coat@berkeley.com,Genderfluid,277182
98,Jock,Jira,jock.jira@businesswire.com,Male,278451
693,Blakelee,Rizzello,blakelee.rizzello@wunderground.com,Female,278490
699,Blake,Kimblen,blake.kimblen@quantcast.com,Bigender,278517
445,Garik,Glazer,garik.glazer@java.com,Male,278695
636,Adelle,Prium,adelle.prium@sitemeter.com,Female,278964
772,Oralla,Castelow,oralla.castelow@google.com,Female,279014
22,Dominik,Pepler,dominik.pepler@simplemachines.com,Male,279290
925,Lyell,Christescu,lyell.christescu@pbs.com,Male,279700
904,Bernardine,Grannell,bernardine.grannell@constantcontact.com,Female,279771
617,Raymund,Yukhnini,raymund.yukhnini@delicious.com,Agender,280149
907,Dirk,Maytum,dirk.maytum@ca.com,Male,280970
172,Astra,Duding,astra.duding@noaa.com,Female,281326
546,Lionello,Arkley,lionello.arkley@opera.com,Male,281996
662,Lira,Bugge,lira.bugge@washingtonpost.com,Female,283912
170,Felizio,Sprott,felizio.sprott@blogspot.com,Male,284176
273,Derk,Rowlin,derk.rowlin@huffingtonpost.com,Male,284246
178,Cele,Bruin,cele.bruin@zimbio.com,Female,284798
766,Bobby,Huntress,bobby.huntress@nsw.com,Male,284851
619,Jade,Dixon,jade.dixon@guardian.com,Female,285797
285,Jilly,Creamer,jilly.creamer@dropbox.com,Female,285914
544,Nealson,Pischel,nealson.pischel@cocolog-nifty.com,Male,286420
18,Jackie,Ondrak,jackie.ondrak@networkadvertising.com,Female,286765
671,Sinclare,Cuckoo,sinclare.cuckoo@weather.com,Male,286786
115,Floria,Luna,floria.luna@sourceforge.com,Female,287078
969,Angelika,Tarrant,angelika.tarrant@imageshack.com,Female,287684
571,Elysee,Kaveney,elysee.kaveney@geocities.com,Female,287756
404,Sergei,Hadlee,sergei.hadlee@state.com,Male,287842
132,Lorianne,Sangwin,lorianne.sangwin@quantcast.com,Female,288056
485,Jean,Mandre,jean.mandre@about.com,Male,288461
208,Fitz,Edmondson,fitz.edmondson@msu.com,Polygender,289250
635,Hill,Kingsbury,hill.kingsbury@theglobeandmail.com,Polygender,289979
910,Rennie,Lydden,rennie.lydden@weibo.com,Female,290327
63,Moshe,Tollemache,moshe.tollemache@prnewswire.com,Male,290651
230,Richy,Vasyukhin,richy.vasyukhin@github.com,Non-binary,290975
807,Dwight,Brixey,dwight.brixey@ucla.com,Male,291103
751,Hermann,Flukes,hermann.flukes@uiuc.com,Male,292447
325,Greer,Westmancoat,greer.westmancoat@163.com,Female,292822
177,Leeann,Billings,leeann.billings@dailymail.com,Female,293143
473,Mehetabel,Slater,mehetabel.slater@plala.or.com,Female,293162
666,Giselle,Tillett,giselle.tillett@alibaba.com,Female,293499
411,Salaidh,Meneghelli,salaidh.meneghelli@netscape.com,Female,293531
829,Patrice,Boykett,patrice.boykett@mail.com,Male,293956
156,Dani,Pabel,dani.pabel@paginegialle.com,Female,294279
396,Mattias,Pimbley,mattias.pimbley@4shared.com,Male,294389
891,Batsheva,Busfield,batsheva.busfield@sakura.com,Female,294438
231,Maximilian,Rosenstengel,maximilian.rosenstengel@microsoft.com,Male,294491
150,Gale,Biskup,gale.biskup@foxnews.com,Male,294594
65,Nissie,Budget,nissie.budget@spotify.com,Female,295094
405,Annis,Drabble,annis.drabble@who.com,Female,295248
38,Bobbye,Lees,bobbye.lees@state.tx.com,Female,295339
369,Jojo,Walthall,jojo.walthall@bizjournals.com,Female,296093
784,Jon,Boustead,jon.boustead@washington.com,Male,296494
44,Britteny,Tireman,britteny.tireman@bloglovin.com,Female,296765
789,Jodie,Cordelette,jodie.cordelette@shinystat.com,Male,298048
102,Misti,Overstall,misti.overstall@nature.com,Female,298054
971,Tamra,Wraith,tamra.wraith@newsvine.com,Female,298800
500,Tyrone,Aylett,tyrone.aylett@cdbaby.com,Male,299057
933,Marj,Tall,marj.tall@wordpress.com,Female,299100
451,Griswold,Govini,griswold.govini@hud.com,Male,299146
564,Tremayne,Norster,tremayne.norster@dailymotion.com,Male,299594
299,Maximilien,Girardini,maximilien.girardini@statcounter.com,Male,300186
246,Mandie,Oscroft,mandie.oscroft@istockphoto.com,Female,300278
131,Tailor,Hadwen,tailor.hadwen@vinaora.com,Male,300293
174,Archer,Lawly,archer.lawly@wsj.com,Male,300814
124,Lonny,Simms,lonny.simms@cpanel.com,Male,300876
492,Maddie,Heinsius,maddie.heinsius@google.com,Female,302323
232,Camella,Turone,camella.turone@amazon.com,Polygender,302430
491,Barry,Fanstone,barry.fanstone@unicef.com,Male,302508
249,Hedda,Blueman,hedda.blueman@berkeley.com,Female,302865
146,Robyn,Giorgione,robyn.giorgione@elegantthemes.com,Female,303393
109,Darn,Ney,darn.ney@hatena.com,Male,303441
350,Callie,Baton,callie.baton@amazon.com,Female,303668
900,Orsa,Theriot,orsa.theriot@twitpic.com,Non-binary,305039
286,Brennan,Longega,brennan.longega@ovh.com,Male,305496
194,Carmel,Pomfrett,carmel.pomfrett@vinaora.com,Female,305829
58,Deeann,Grise,deeann.grise@friendfeed.com,Female,306230
657,Adara,Ripper,adara.ripper@biglobe.com,Genderfluid,306246
776,Mercy,Havill,mercy.havill@nba.com,Female,306273
167,Melodie,Hanratty,melodie.hanratty@forbes.com,Female,307312
312,Stafani,Seale,stafani.seale@apache.com,Non-binary,307354
896,Georgie,Vittel,georgie.vittel@a8.com,Male,307400
292,Ber,Parell,ber.parell@merriam-webster.com,Male,307692
82,Hershel,Bloan,hershel.bloan@desdev.com,Male,307695
255,Quinn,Lennox,quinn.lennox@360.com,Female,308057
151,Georgena,Collumbell,georgena.collumbell@aboutads.com,Female,308200
77,Arleta,Hewlings,arleta.hewlings@meetup.com,Female,308424
281,Hugh,Patriche,hugh.patriche@goodreads.com,Male,308793
379,Wells,Heffernan,wells.heffernan@alexa.com,Agender,309227
83,Corrie,Vargas,corrie.vargas@hao123.com,Female,309472
664,Jessalin,Rasmus,jessalin.rasmus@gizmodo.com,Female,309484
944,Nathan,Grunder,nathan.grunder@qq.com,Male,309949
376,Kalindi,Raynard,kalindi.raynard@sphinn.com,Female,310230
963,Deana,Chilcotte,deana.chilcotte@ed.com,Female,311774
16,Maxi,Thirsk,maxi.thirsk@sourceforge.com,Female,311830
695,Harley,Jacobsz,harley.jacobsz@hud.com,Female,312291
713,Kiley,Spoole,kiley.spoole@pinterest.com,Female,313002
777,Gannon,Goodreid,gannon.goodreid@1688.com,Male,313116
252,Staffard,Huc,staffard.huc@imdb.com,Genderfluid,313142
854,Forrester,Van den Broek,forrester.van den broek@digg.com,Male,313444
724,Silvia,Playle,silvia.playle@apache.com,Female,313756
97,Kale,Braunes,kale.braunes@ucsd.com,Male,313785
604,Pippy,Dunbobbin,pippy.dunbobbin@sourceforge.com,Female,313842
841,Ranee,Beringer,ranee.beringer@oakley.com,Female,313882
919,Cicely,McNaughton,cicely.mcnaughton@theglobeandmail.com,Female,313915
775,Cyrus,McOwen,cyrus.mcowen@stanford.com,Male,313916
85,Ema,Sigge,ema.sigge@weibo.com,Female,313937
719,Joleen,Tankard,joleen.tankard@home.com,Female,313977
459,Loleta,Janiak,loleta.janiak@printfriendly.com,Female,314297
397,George,Stanney,george.stanney@uol.com,Female,314789
991,Lammond,Hughes,lammond.hughes@jimdo.com,Male,314857
493,Grover,Sparke,grover.sparke@prweb.com,Male,315277
739,Cathryn,Sainsberry,cathryn.sainsberry@amazon.com,Female,316131
845,Harp,Vigurs,harp.vigurs@paginegialle.com,Male,316148
992,Carlen,Martinat,carlen.martinat@merriam-webster.com,Female,316533
849,Shanta,Alyonov,shanta.alyonov@linkedin.com,Female,316697
434,Erv,Caghy,erv.caghy@blogspot.com,Polygender,316943
114,Glenn,Dunan,glenn.dunan@geocities.com,Male,316946
828,Aurelia,Sarch,aurelia.sarch@home.com,Female,316995
877,Pauly,Brockway,pauly.brockway@dropbox.com,Male,317283
621,Lamar,Cannop,lamar.cannop@si.com,Polygender,317543
80,Hamid,Garmons,hamid.garmons@prnewswire.com,Male,317732
248,Evan,Alwin,evan.alwin@forbes.com,Male,318048
479,Mikol,Sapir,mikol.sapir@networksolutions.com,Male,318374
573,Auberta,Chislett,auberta.chislett@bloglovin.com,Genderfluid,318468
425,Rosette,Danneil,rosette.danneil@usgs.com,Non-binary,318764
141,Elene,Flemmich,elene.flemmich@jimdo.com,Genderfluid,318850
814,Elwira,MacGinlay,elwira.macginlay@ebay.com,Female,319322
381,Steward,Tregoning,steward.tregoning@omniture.com,Male,319442
422,Merl,Dalglish,merl.dalglish@toplist.com,Female,319530
59,Lawry,Kuzemka,lawry.kuzemka@prweb.com,Male,319587
563,Andreas,De Francesco,andreas.de francesco@mozilla.com,Male,319822
790,Crawford,Braiden,crawford.braiden@chron.com,Male,319977
383,Raoul,Lodford,raoul.lodford@wix.com,Male,320096
204,Maryanne,Iddison,maryanne.iddison@livejournal.com,Female,320361
297,Raye,Stanistrete,raye.stanistrete@soup.com,Polygender,320637
223,Nariko,Grovier,nariko.grovier@networksolutions.com,Genderqueer,320847
675,Ranna,Peniman,ranna.peniman@360.com,Female,321013
105,Rutger,Wardrope,rutger.wardrope@aboutads.com,Male,321678
947,Olly,Dorre,olly.dorre@gizmodo.com,Male,321840
603,Shermie,Valentim,shermie.valentim@wikimedia.com,Male,321852
979,Christi,Ferrolli,christi.ferrolli@rediff.com,Female,322069
542,Ameline,Toolin,ameline.toolin@desdev.com,Female,322370
716,Hestia,Resdale,hestia.resdale@statcounter.com,Female,323149
486,Zach,Sweeting,zach.sweeting@desdev.com,Male,323226
890,Thornton,Bedding,thornton.bedding@cornell.com,Male,323234
354,Bettye,Bartholomieu,bettye.bartholomieu@skyrock.com,Female,323276
181,Glyn,Noone,glyn.noone@netscape.com,Female,323429
455,Cherlyn,Nerval,cherlyn.nerval@free.com,Female,323616
948,Annalee,Rivelon,annalee.rivelon@pen.com,Female,324023
474,Nicolas,Coulthard,nicolas.coulthard@samsung.com,Male,324095
262,Erin,Adderley,erin.adderley@dropbox.com,Polygender,324475
822,Arlana,Torn,arlana.torn@state.com,Female,324537
652,Bob,Sharville,bob.sharville@marriott.com,Male,324668
384,Bat,Spilsburie,bat.spilsburie@ebay.com,Male,324793
315,Jedediah,Lavallin,jedediah.lavallin@mysql.com,Male,324831
608,Akim,Cleeve,akim.cleeve@wisc.com,Male,325806
4,Aretha,Panting,aretha.panting@aboutads.com,Female,326025
30,Abrahan,Moncreiff,abrahan.moncreiff@indiatimes.com,Male,326263
810,Ruby,Glenwright,ruby.glenwright@patch.com,Female,326734
308,Joella,Gallety,joella.gallety@upenn.com,Female,326856
898,Galvin,Haccleton,galvin.haccleton@mysql.com,Male,327094
533,Allene,Peppard,allene.peppard@soup.com,Female,327106
10,Constantine,Fearenside,constantine.fearenside@theglobeandmail.com,Female,327201
633,Stace,Cowderay,stace.cowderay@odnoklassniki.com,Female,327268
56,Norma,Fumagallo,norma.fumagallo@newsvine.com,Agender,327269
839,Rudolfo,Darnell,rudolfo.darnell@nymag.com,Male,327628
386,Rory,Kohneke,rory.kohneke@bbc.com,Female,329015
836,Maggi,Pittway,maggi.pittway@pagesperso-orange.com,Female,329160
418,Otha,Greenside,otha.greenside@samsung.com,Female,329618
866,Zorana,Touzey,zorana.touzey@merriam-webster.com,Female,329988
53,Cherri,Wrefford,cherri.wrefford@amazon.com,Female,330109
974,Annadiana,Klaves,annadiana.klaves@hugedomains.com,Female,330150
238,Alejandra,Thurling,alejandra.thurling@naver.com,Female,330294
335,Bartholemy,Dudhill,bartholemy.dudhill@soup.com,Male,330353
331,Ignazio,Windows,ignazio.windows@forbes.com,Male,330649
157,Murdoch,Tearney,murdoch.tearney@cloudflare.com,Male,331392
351,Bayard,Portsmouth,bayard.portsmouth@addtoany.com,Male,331589
642,Joel,Limer,joel.limer@dropbox.com,Non-binary,331712
31,Rozamond,Lockery,rozamond.lockery@etsy.com,Female,331807
333,Skipper,Gravenell,skipper.gravenell@msn.com,Male,331816
221,Jacynth,Symmons,jacynth.symmons@yolasite.com,Female,332109
749,Noby,Le Breton,noby.le breton@t.co,Male,332423
968,Nikos,Jefferies,nikos.jefferies@usa.com,Male,332792
774,Mayer,Pesik,mayer.pesik@oracle.com,Male,333461
824,Parsifal,Aspenlon,parsifal.aspenlon@jimdo.com,Male,333629
548,Janette,Dimmer,janette.dimmer@blogger.com,Female,334578
224,Byrom,Ingle,byrom.ingle@home.com,Male,334793
934,Hernando,Dearth,hernando.dearth@ameblo.com,Male,334902
818,Tally,Filisov,tally.filisov@sohu.com,Male,335008
420,Arch,Wakenshaw,arch.wakenshaw@wikia.com,Male,335639
361,Bealle,Stickney,bealle.stickney@hatena.com,Male,336153
681,Malissia,Stoffers,malissia.stoffers@soundcloud.com,Non-binary,336445
125,Benetta,Dommersen,benetta.dommersen@miibeian.com,Agender,336556
37,Margaretta,Tomblings,margaretta.tomblings@bizjournals.com,Female,337045
211,Ced,Ruprecht,ced.ruprecht@tmall.com,Male,337082
464,Rourke,Seligson,rourke.seligson@hud.com,Male,337258
598,Clevie,Grisdale,clevie.grisdale@xing.com,Male,337321
949,Elnora,Middlebrook,elnora.middlebrook@tripadvisor.com,Female,337439
390,Mirabel,Asquez,mirabel.asquez@macromedia.com,Agender,337854
478,Essie,Halshaw,essie.halshaw@nbcnews.com,Female,338124
86,Levin,Rosenfarb,levin.rosenfarb@shinystat.com,Male,338153
401,Donalt,Lemarie,donalt.lemarie@hc360.com,Male,338482
702,Laina,Duffin,laina.duffin@marriott.com,Female,339223
305,Katy,Margrem,katy.margrem@vimeo.com,Female,340027
410,Alexio,Mosdill,alexio.mosdill@typepad.com,Male,340177
958,Godfrey,Samwaye,godfrey.samwaye@sfgate.com,Male,340326
792,Morton,Fellibrand,morton.fellibrand@facebook.com,Male,340333
622,Rodrick,Coonan,rodrick.coonan@usa.com,Male,340339
782,Clotilda,Kielty,clotilda.kielty@mit.com,Female,340926
449,Carmelle,Dillestone,carmelle.dillestone@fema.com,Female,341222
216,Case,Alsopp,case.alsopp@canalblog.com,Male,341383
23,Cordelia,Wanklin,cordelia.wanklin@odnoklassniki.com,Female,341583
634,Lesya,Quipp,lesya.quipp@wikia.com,Female,341618
830,Dan,Allabarton,dan.allabarton@apple.com,Male,342137
430,Louella,Gowanlock,louella.gowanlock@sogou.com,Female,342244
710,Aurlie,Clemot,aurlie.clemot@cnn.com,Female,342874
588,Holden,Bishop,holden.bishop@friendfeed.com,Male,343803
545,Thom,Chalke,thom.chalke@altervista.com,Male,344014
133,Had,Delahunt,had.delahunt@g.com,Male,344174
28,Davidson,Joselson,davidson.joselson@marriott.com,Male,344296
600,Starlin,Chafney,starlin.chafney@comcast.com,Female,344450
655,Andrea,Bellringer,andrea.bellringer@marketwatch.com,Female,344475
738,Winfield,Petry,winfield.petry@cdbaby.com,Male,344795
560,Demetris,Franek,demetris.franek@themeforest.com,Female,345501
49,Concordia,Bingley,concordia.bingley@salon.com,Female,346502
399,Rodrick,Maccraw,rodrick.maccraw@alibaba.com,Male,346753
465,Vasily,Broszkiewicz,vasily.broszkiewicz@soup.com,Male,347153
147,Robinette,Denyukhin,robinette.denyukhin@naver.com,Female,347192
519,Rubin,Packwood,rubin.packwood@paypal.com,Male,347340
763,Maurizio,Speeding,maurizio.speeding@mac.com,Male,348190
199,Anna-maria,Absalom,anna-maria.absalom@cnet.com,Agender,348216
107,Kevyn,Worsnop,kevyn.worsnop@ucoz.com,Female,349172
201,Gavan,Hedgeman,gavan.hedgeman@google.com,Male,349299
876,Vere,Doswell,vere.doswell@oakley.com,Female,349697
412,Orelee,Djekovic,orelee.djekovic@ox.com,Female,349908
193,Zarah,McCuaig,zarah.mccuaig@cbslocal.com,Female,349930
